epoch,time,train/box_loss,train/cls_loss,train/dfl_loss,metrics/precision(B),metrics/recall(B),metrics/mAP50(B),metrics/mAP50-95(B),val/box_loss,val/cls_loss,val/dfl_loss,lr/pg0,lr/pg1,lr/pg2,lr/pg3,lr/pg4,lr/pg5,lr/pg6,lr/pg7
1,133.96,1.38662,2.12622,0.01082,0.78322,0.76241,0.81366,0.60628,1.03001,0.89684,0.00981,0.00998066,0.00332689,0.00998066,0.00332689,0.00998066,0.00332689,0.00998066,0.00332689
2,246.643,1.0652,0.9028,0.00762,0.83466,0.80047,0.86523,0.65477,0.97408,0.7684,0.00898,0.019585,0.00652835,0.019585,0.00652835,0.019585,0.00652835,0.019585,0.00652835
